Object,Distance (mm),Estimated width (mm),Actual width (mm),Width absolute error (mm),Width error (%),Estimated height (mm),Actual height (mm),Height absolute error (mm),Height error (%)
Macroni box 1 ,2500.0,188.6377422322296,190.5,1.8622577677703873,0.9775631326878673,129.57582852461206,127.0,2.5758285246120636,2.028211436702412
mirror 2 ,2500.0,276.2081107626239,241.3,34.90811076262389,14.466684940996224,318.1573055739891,304.8,13.357305573989095,4.382318101702459
board 3,2500.0,400.2168622472441,381.0,19.21686224724408,5.043795865418393,280.7171145802342,266.7,14.017114580234193,5.255760997463139
box 4,2500.0,258.80993389013236,228.6,30.209933890132362,13.215194177660702,246.39265824832177,228.6,17.79265824832177,7.783315069257118
cracker 5,2500.0,246.23295322601024,215.9,30.332953226010233,14.049538316818078,110.43496264000775,101.6,8.83496264000776,8.695829370086377
book 6,2500.0,247.30408181884067,241.3,6.00408181884066,2.488222883895839,175.37306466825083,190.5,15.126935331749166,7.940648468109798
cardboard 7,2500.0,247.73581976983272,215.9,31.83581976983271,14.74563213053854,258.96019494688477,254.0,4.960194946884769,1.9528326562538463
popcorn 8,2500.0,233.1900787915669,241.3,8.109921208433121,3.360928805815632,167.86815449515112,190.5,22.631845504848883,11.880233860813062
brita 9,2500.0,306.53051388241437,292.1,14.430513882414346,4.940264937492072,132.44787555644663,152.4,19.952124443553373,13.091945172935285
book 2 10,2500.0,145.46511189368366,127.0,18.465111893683655,14.539458184002878,209.69615078879198,190.5,19.196150788791982,10.07671957416902
